{
  "PLSTM-TAL": {
    "accuracy": 0.4946524064171123,
    "precision": 0.43243243243243246,
    "recall": 0.1787709497206704,
    "f1_score": 0.25296442687747034,
    "mcc": -0.04591034384542858,
    "auc_roc": 0.4536026357255407,
    "pr_auc": 0.4614275106861153
  },
  "CNN": {
    "accuracy": 0.5106951871657754,
    "precision": 0.4583333333333333,
    "recall": 0.12290502793296089,
    "f1_score": 0.19383259911894274,
    "mcc": -0.015575003171160824,
    "auc_roc": 0.45343074058157856,
    "pr_auc": 0.46078084510669703
  },
  "LSTM": {
    "accuracy": 0.7219251336898396,
    "precision": 0.7192982456140351,
    "recall": 0.6871508379888268,
    "f1_score": 0.7028571428571428,
    "mcc": 0.4422149024770665,
    "auc_roc": 0.8075347371436756,
    "pr_auc": 0.823193392651815
  },
  "SVM": {
    "accuracy": 0.7219251336898396,
    "precision": 0.7450980392156863,
    "recall": 0.6368715083798883,
    "f1_score": 0.6867469879518072,
    "mcc": 0.4438698955452174,
    "auc_roc": 0.7746168170749175,
    "pr_auc": 0.7840081803908889
  },
  "Random Forest": {
    "accuracy": 0.7112299465240641,
    "precision": 0.7320261437908496,
    "recall": 0.6256983240223464,
    "f1_score": 0.6746987951807228,
    "mcc": 0.4220970132665222,
    "auc_roc": 0.7515542185933248,
    "pr_auc": 0.734349018289602
  }
}