Model,Accuracy,Precision,Recall,F1-Score,AUC-ROC,PR-AUC,MCC
LSTM,0.7219251336898396,0.7192982456140351,0.6871508379888268,0.7028571428571428,0.8075347371436756,0.823193392651815,0.4422149024770665
SVM,0.7219251336898396,0.7450980392156863,0.6368715083798883,0.6867469879518072,0.7746168170749175,0.7840081803908889,0.4438698955452174
Random Forest,0.7112299465240641,0.7320261437908496,0.6256983240223464,0.6746987951807228,0.7515542185933248,0.734349018289602,0.4220970132665222
CNN,0.5106951871657754,0.4583333333333333,0.12290502793296089,0.19383259911894274,0.45343074058157856,0.46078084510669703,-0.015575003171160824
PLSTM-TAL,0.4946524064171123,0.43243243243243246,0.1787709497206704,0.25296442687747034,0.4536026357255407,0.4614275106861153,-0.04591034384542858
