{
  "PLSTM-TAL": {
    "accuracy": 0.5364321608040201,
    "precision": 0.5374841168996188,
    "recall": 0.9883177570093458,
    "f1_score": 0.6962962962962963,
    "mcc": -0.0038322651952290305,
    "auc_roc": 0.5318658573750508,
    "pr_auc": 0.5550598434284053
  },
  "CNN": {
    "accuracy": 0.5402010050251256,
    "precision": 0.5411140583554377,
    "recall": 0.9532710280373832,
    "f1_score": 0.6903553299492385,
    "mcc": 0.029111661872671918,
    "auc_roc": 0.5029840511986997,
    "pr_auc": 0.5546640022179719
  },
  "LSTM": {
    "accuracy": 0.5364321608040201,
    "precision": 0.5376756066411239,
    "recall": 0.9836448598130841,
    "f1_score": 0.6952931461601982,
    "mcc": -0.00019979822974550138,
    "auc_roc": 0.5463988216172287,
    "pr_auc": 0.5600879504151541
  },
  "SVM": {
    "accuracy": 0.5213567839195979,
    "precision": 0.5351270553064275,
    "recall": 0.8364485981308412,
    "f1_score": 0.6526891522333638,
    "mcc": -0.01179108193148942,
    "auc_roc": 0.5019936001625356,
    "pr_auc": 0.5483119843652278
  },
  "Random Forest": {
    "accuracy": 0.5163316582914573,
    "precision": 0.5434343434343434,
    "recall": 0.6285046728971962,
    "f1_score": 0.5828819068255688,
    "mcc": 0.014778990889320193,
    "auc_roc": 0.5075077458350264,
    "pr_auc": 0.5524504359835343
  }
}