Model,Accuracy,Precision,Recall,F1-Score,AUC-ROC,PR-AUC,MCC
CNN,0.5402010050251256,0.5411140583554377,0.9532710280373832,0.6903553299492385,0.5029840511986997,0.5546640022179719,0.029111661872671918
PLSTM-TAL,0.5364321608040201,0.5374841168996188,0.9883177570093458,0.6962962962962963,0.5318658573750508,0.5550598434284053,-0.0038322651952290305
LSTM,0.5364321608040201,0.5376756066411239,0.9836448598130841,0.6952931461601982,0.5463988216172287,0.5600879504151541,-0.00019979822974550138
SVM,0.5213567839195979,0.5351270553064275,0.8364485981308412,0.6526891522333638,0.5019936001625356,0.5483119843652278,-0.01179108193148942
Random Forest,0.5163316582914573,0.5434343434343434,0.6285046728971962,0.5828819068255688,0.5075077458350264,0.5524504359835343,0.014778990889320193
