{
  "ensemble_accuracy": 0.6990291262135923,
  "individual_results": {
    "PLSTM-TAL": 0.6844660194174758,
    "Enhanced LSTM": 0.7281553398058253,
    "Random Forest": 0.7524271844660194
  },
  "precision": 0.5625,
  "recall": 0.625,
  "f1_score": 0.5921052631578947,
  "status": "GOOD"
}