{
  "test_accuracy": 0.4789271950721741,
  "val_accuracy": 0.43062201142311096,
  "train_accuracy": 0.5407673716545105,
  "precision": 0.5208333333333334,
  "recall": 0.18115942028985507,
  "f1_score": 0.26881720430107525,
  "status": "NEEDS_IMPROVEMENT",
  "total_params": 69825
}