{
  "PLSTM-TAL": {
    "accuracy": 0.5376884422110553,
    "precision": 0.5376884422110553,
    "recall": 1.0,
    "f1_score": 0.6993464052287581,
    "mcc": 0.0,
    "auc_roc": 0.5408973740349451,
    "pr_auc": 0.561447321788034
  },
  "CNN": {
    "accuracy": 0.535175879396985,
    "precision": 0.5370843989769821,
    "recall": 0.9813084112149533,
    "f1_score": 0.6942148760330579,
    "mcc": -0.009054712318898482,
    "auc_roc": 0.5440623730190979,
    "pr_auc": 0.575192411517868
  },
  "LSTM": {
    "accuracy": 0.5376884422110553,
    "precision": 0.5376884422110553,
    "recall": 1.0,
    "f1_score": 0.6993464052287581,
    "mcc": 0.0,
    "auc_roc": 0.5455290024380334,
    "pr_auc": 0.5615837957275911
  },
  "SVM": {
    "accuracy": 0.5226130653266332,
    "precision": 0.5358208955223881,
    "recall": 0.8387850467289719,
    "f1_score": 0.6539162112932605,
    "mcc": -0.008637555892832998,
    "auc_roc": 0.49363825680617635,
    "pr_auc": 0.5379629609633394
  },
  "Random Forest": {
    "accuracy": 0.5276381909547738,
    "precision": 0.5532786885245902,
    "recall": 0.6308411214953271,
    "f1_score": 0.5895196506550219,
    "mcc": 0.039359974047073275,
    "auc_roc": 0.537259371190573,
    "pr_auc": 0.5725568666873492
  }
}