Model,Accuracy,Precision,Recall,F1-Score,AUC-ROC,PR-AUC,MCC
PLSTM-TAL,0.5376884422110553,0.5376884422110553,1.0,0.6993464052287581,0.5408973740349451,0.561447321788034,0.0
LSTM,0.5376884422110553,0.5376884422110553,1.0,0.6993464052287581,0.5455290024380334,0.5615837957275911,0.0
CNN,0.535175879396985,0.5370843989769821,0.9813084112149533,0.6942148760330579,0.5440623730190979,0.575192411517868,-0.009054712318898482
Random Forest,0.5276381909547738,0.5532786885245902,0.6308411214953271,0.5895196506550219,0.537259371190573,0.5725568666873492,0.039359974047073275
SVM,0.5226130653266332,0.5358208955223881,0.8387850467289719,0.6539162112932605,0.49363825680617635,0.5379629609633394,-0.008637555892832998
