{
  "PLSTM-TAL": {
    "accuracy": 0.7272727272727273,
    "precision": 0.7730496453900709,
    "recall": 0.6089385474860335,
    "f1_score": 0.68125,
    "mcc": 0.4585178158645832,
    "auc_roc": 0.8142672969488614,
    "pr_auc": 0.8208860453289272
  },
  "CNN": {
    "accuracy": 0.4893048128342246,
    "precision": 0.38461538461538464,
    "recall": 0.11173184357541899,
    "f1_score": 0.17316017316017315,
    "mcc": -0.07561409568995947,
    "auc_roc": 0.46211144535166876,
    "pr_auc": 0.45830921967374416
  },
  "LSTM": {
    "accuracy": 0.7406417112299465,
    "precision": 0.7530864197530864,
    "recall": 0.6815642458100558,
    "f1_score": 0.7155425219941349,
    "mcc": 0.48031150588948,
    "auc_roc": 0.8057011889414123,
    "pr_auc": 0.8175379510340047
  },
  "SVM": {
    "accuracy": 0.7112299465240641,
    "precision": 0.75177304964539,
    "recall": 0.5921787709497207,
    "f1_score": 0.6625,
    "mcc": 0.4253847580040781,
    "auc_roc": 0.7612519696318578,
    "pr_auc": 0.774472653287854
  },
  "Random Forest": {
    "accuracy": 0.6844919786096256,
    "precision": 0.7019867549668874,
    "recall": 0.5921787709497207,
    "f1_score": 0.6424242424242425,
    "mcc": 0.3679616253228577,
    "auc_roc": 0.7588024638303967,
    "pr_auc": 0.7516101559431998
  }
}