{
  "PLSTM-TAL": {
    "accuracy": 0.5254237288135594,
    "precision": 0.0,
    "recall": 0.0,
    "f1_score": 0.0,
    "mcc": 0.0,
    "auc_roc": 0.47789160985641926,
    "pr_auc": 0.46029739480326054
  },
  "CNN": {
    "accuracy": 0.5300462249614792,
    "precision": 0.5283018867924528,
    "recall": 0.09090909090909091,
    "f1_score": 0.15512465373961218,
    "mcc": 0.03208398868210813,
    "auc_roc": 0.49035495296492365,
    "pr_auc": 0.4869450250138286
  },
  "LSTM": {
    "accuracy": 0.7426810477657936,
    "precision": 0.7389830508474576,
    "recall": 0.7077922077922078,
    "f1_score": 0.7230514096185738,
    "mcc": 0.4833637894954397,
    "auc_roc": 0.8201146360970408,
    "pr_auc": 0.8030952046781925
  },
  "SVM": {
    "accuracy": 0.7164869029275809,
    "precision": 0.7296296296296296,
    "recall": 0.6396103896103896,
    "f1_score": 0.6816608996539792,
    "mcc": 0.4311073950865234,
    "auc_roc": 0.7797444490992878,
    "pr_auc": 0.7804528299212677
  },
  "Random Forest": {
    "accuracy": 0.711864406779661,
    "precision": 0.72,
    "recall": 0.6428571428571429,
    "f1_score": 0.6792452830188679,
    "mcc": 0.421443388467349,
    "auc_roc": 0.7773165251171116,
    "pr_auc": 0.7686736101476708
  }
}