{
  "PLSTM-TAL": {
    "accuracy": 0.7264150943396226,
    "precision": 0.7255520504731862,
    "recall": 0.7255520504731862,
    "f1_score": 0.7255520504731862,
    "mcc": 0.4528247777459134,
    "auc_roc": 0.790245542557084,
    "pr_auc": 0.7873313047430908
  },
  "CNN": {
    "accuracy": 0.48742138364779874,
    "precision": 0.47804878048780486,
    "recall": 0.30914826498422715,
    "f1_score": 0.37547892720306514,
    "mcc": -0.028109363789953934,
    "auc_roc": 0.4965339240331082,
    "pr_auc": 0.5109094645961407
  },
  "LSTM": {
    "accuracy": 0.7169811320754716,
    "precision": 0.7160883280757098,
    "recall": 0.7160883280757098,
    "f1_score": 0.7160883280757098,
    "mcc": 0.4339566666337035,
    "auc_roc": 0.8000158223153981,
    "pr_auc": 0.8006605304654173
  },
  "SVM": {
    "accuracy": 0.6949685534591195,
    "precision": 0.7003257328990228,
    "recall": 0.6782334384858044,
    "f1_score": 0.6891025641025641,
    "mcc": 0.3900636924225217,
    "auc_roc": 0.7662648457818696,
    "pr_auc": 0.7538040831672972
  },
  "Random Forest": {
    "accuracy": 0.6808176100628931,
    "precision": 0.6838709677419355,
    "recall": 0.668769716088328,
    "f1_score": 0.6762360446570973,
    "mcc": 0.3616723638977879,
    "auc_roc": 0.7329292050275407,
    "pr_auc": 0.7201764566464741
  }
}