{
  "PLSTM-TAL": {
    "accuracy": 0.4146341463414634,
    "precision": 0.3684210526315789,
    "recall": 0.3684210526315789,
    "f1_score": 0.3684210526315789,
    "mcc": -0.17703349282296652,
    "auc_roc": 0.43779904306220097,
    "pr_auc": 0.4365072569716073
  },
  "CNN": {
    "accuracy": 0.5121951219512195,
    "precision": 0.3333333333333333,
    "recall": 0.05263157894736842,
    "f1_score": 0.09090909090909091,
    "mcc": -0.0732958551392412,
    "auc_roc": 0.4641148325358852,
    "pr_auc": 0.47010470060221504
  },
  "LSTM": {
    "accuracy": 0.5609756097560976,
    "precision": 0.5263157894736842,
    "recall": 0.5263157894736842,
    "f1_score": 0.5263157894736842,
    "mcc": 0.11722488038277512,
    "auc_roc": 0.5454545454545454,
    "pr_auc": 0.5285233794655291
  },
  "SVM": {
    "accuracy": 0.4634146341463415,
    "precision": 0.36363636363636365,
    "recall": 0.21052631578947367,
    "f1_score": 0.26666666666666666,
    "mcc": -0.12116227045072343,
    "auc_roc": 0.48205741626794263,
    "pr_auc": 0.4438099631945348
  },
  "Random Forest": {
    "accuracy": 0.4878048780487805,
    "precision": 0.42857142857142855,
    "recall": 0.3157894736842105,
    "f1_score": 0.36363636363636365,
    "mcc": -0.0503148236501918,
    "auc_roc": 0.4736842105263158,
    "pr_auc": 0.43332776550582064
  }
}