{
  "PLSTM-TAL": {
    "accuracy": 0.5427807486631016,
    "precision": 0.5427807486631016,
    "recall": 1.0,
    "f1_score": 0.7036395147313691,
    "mcc": 0.0,
    "auc_roc": 0.4893987843171146,
    "pr_auc": 0.5385959511439447
  },
  "CNN": {
    "accuracy": 0.5427807486631016,
    "precision": 0.5427807486631016,
    "recall": 1.0,
    "f1_score": 0.7036395147313691,
    "mcc": 0.0,
    "auc_roc": 0.4577247716993633,
    "pr_auc": 0.49342827717081655
  },
  "LSTM": {
    "accuracy": 0.5427807486631016,
    "precision": 0.5427807486631016,
    "recall": 1.0,
    "f1_score": 0.7036395147313691,
    "mcc": 0.0,
    "auc_roc": 0.5011379022268315,
    "pr_auc": 0.5429844699776762
  },
  "SVM": {
    "accuracy": 0.5267379679144385,
    "precision": 0.5596330275229358,
    "recall": 0.6009852216748769,
    "f1_score": 0.5795724465558195,
    "mcc": 0.03998988107448241,
    "auc_roc": 0.48127502664707744,
    "pr_auc": 0.5083756378108812
  },
  "Random Forest": {
    "accuracy": 0.5080213903743316,
    "precision": 0.540084388185654,
    "recall": 0.6305418719211823,
    "f1_score": 0.5818181818181818,
    "mcc": -0.007118973400177142,
    "auc_roc": 0.47437559415780833,
    "pr_auc": 0.5045020647297334
  }
}