{
  "PLSTM-TAL": {
    "accuracy": 0.7459893048128342,
    "precision": 0.7837837837837838,
    "recall": 0.6480446927374302,
    "f1_score": 0.709480122324159,
    "mcc": 0.49437007495874397,
    "auc_roc": 0.8186219739292365,
    "pr_auc": 0.8174196240627256
  },
  "CNN": {
    "accuracy": 0.48663101604278075,
    "precision": 0.39344262295081966,
    "recall": 0.1340782122905028,
    "f1_score": 0.2,
    "mcc": -0.07526479674624831,
    "auc_roc": 0.4558086234063887,
    "pr_auc": 0.455683567242663
  },
  "LSTM": {
    "accuracy": 0.7245989304812834,
    "precision": 0.7209302325581395,
    "recall": 0.6927374301675978,
    "f1_score": 0.7065527065527065,
    "mcc": 0.4476170985093368,
    "auc_roc": 0.8126629422718809,
    "pr_auc": 0.8246137465819338
  },
  "SVM": {
    "accuracy": 0.7058823529411765,
    "precision": 0.7284768211920529,
    "recall": 0.6145251396648045,
    "f1_score": 0.6666666666666666,
    "mcc": 0.41159781965365394,
    "auc_roc": 0.7690445494914768,
    "pr_auc": 0.7719952503600024
  },
  "Random Forest": {
    "accuracy": 0.7245989304812834,
    "precision": 0.7435897435897436,
    "recall": 0.6480446927374302,
    "f1_score": 0.6925373134328359,
    "mcc": 0.448719685313629,
    "auc_roc": 0.7653917776822805,
    "pr_auc": 0.7679577142440036
  }
}