{
  "PLSTM-TAL": {
    "accuracy": 0.4707379134860051,
    "precision": 0.46745562130177515,
    "recall": 0.4010152284263959,
    "f1_score": 0.43169398907103823,
    "mcc": -0.05874639778856111,
    "auc_roc": 0.45843908629441626,
    "pr_auc": 0.47243414665599825
  },
  "CNN": {
    "accuracy": 0.4707379134860051,
    "precision": 0.47043010752688175,
    "recall": 0.44416243654822335,
    "f1_score": 0.45691906005221933,
    "mcc": -0.058471932300669195,
    "auc_roc": 0.4432203719051072,
    "pr_auc": 0.46310533883228405
  },
  "LSTM": {
    "accuracy": 0.44656488549618323,
    "precision": 0.4533029612756264,
    "recall": 0.5050761421319797,
    "f1_score": 0.4777911164465786,
    "mcc": -0.10791015981230975,
    "auc_roc": 0.4464577074484616,
    "pr_auc": 0.4666480395686855
  },
  "SVM": {
    "accuracy": 0.44529262086513993,
    "precision": 0.4423076923076923,
    "recall": 0.4086294416243655,
    "f1_score": 0.42480211081794195,
    "mcc": -0.10952594799134546,
    "auc_roc": 0.5832642701750751,
    "pr_auc": 0.5601051626591602
  },
  "Random Forest": {
    "accuracy": 0.43256997455470736,
    "precision": 0.42777777777777776,
    "recall": 0.39086294416243655,
    "f1_score": 0.40848806366047746,
    "mcc": -0.1351240377948415,
    "auc_roc": 0.4012871646120377,
    "pr_auc": 0.44047024824921677
  }
}