Model,Accuracy,Precision,Recall,F1-Score,AUC-ROC,PR-AUC,MCC
PLSTM-TAL,0.5427807486631016,0.5427807486631016,1.0,0.7036395147313691,0.4893987843171146,0.5385959511439447,0.0
CNN,0.5427807486631016,0.5427807486631016,1.0,0.7036395147313691,0.4577247716993633,0.49342827717081655,0.0
LSTM,0.5427807486631016,0.5427807486631016,1.0,0.7036395147313691,0.5011379022268315,0.5429844699776762,0.0
SVM,0.5267379679144385,0.5596330275229358,0.6009852216748769,0.5795724465558195,0.48127502664707744,0.5083756378108812,0.03998988107448241
Random Forest,0.5080213903743316,0.540084388185654,0.6305418719211823,0.5818181818181818,0.47437559415780833,0.5045020647297334,-0.007118973400177142
