Model,Accuracy,Precision,Recall,F1-Score,AUC-ROC,PR-AUC,MCC
LSTM,0.5609756097560976,0.5263157894736842,0.5263157894736842,0.5263157894736842,0.5454545454545454,0.5285233794655291,0.11722488038277512
CNN,0.5121951219512195,0.3333333333333333,0.05263157894736842,0.09090909090909091,0.4641148325358852,0.47010470060221504,-0.0732958551392412
Random Forest,0.4878048780487805,0.42857142857142855,0.3157894736842105,0.36363636363636365,0.4736842105263158,0.43332776550582064,-0.0503148236501918
SVM,0.4634146341463415,0.36363636363636365,0.21052631578947367,0.26666666666666666,0.48205741626794263,0.4438099631945348,-0.12116227045072343
PLSTM-TAL,0.4146341463414634,0.3684210526315789,0.3684210526315789,0.3684210526315789,0.43779904306220097,0.4365072569716073,-0.17703349282296652
