Model,Accuracy,Precision,Recall,F1-Score,AUC-ROC,PR-AUC,MCC
PLSTM-TAL,0.7459893048128342,0.7837837837837838,0.6480446927374302,0.709480122324159,0.8186219739292365,0.8174196240627256,0.49437007495874397
LSTM,0.7245989304812834,0.7209302325581395,0.6927374301675978,0.7065527065527065,0.8126629422718809,0.8246137465819338,0.4476170985093368
Random Forest,0.7245989304812834,0.7435897435897436,0.6480446927374302,0.6925373134328359,0.7653917776822805,0.7679577142440036,0.448719685313629
SVM,0.7058823529411765,0.7284768211920529,0.6145251396648045,0.6666666666666666,0.7690445494914768,0.7719952503600024,0.41159781965365394
CNN,0.48663101604278075,0.39344262295081966,0.1340782122905028,0.2,0.4558086234063887,0.455683567242663,-0.07526479674624831
