Model,Accuracy,Precision,Recall,F1-Score,AUC-ROC,PR-AUC,MCC
LSTM,0.7406417112299465,0.7530864197530864,0.6815642458100558,0.7155425219941349,0.8057011889414123,0.8175379510340047,0.48031150588948
PLSTM-TAL,0.7272727272727273,0.7730496453900709,0.6089385474860335,0.68125,0.8142672969488614,0.8208860453289272,0.4585178158645832
SVM,0.7112299465240641,0.75177304964539,0.5921787709497207,0.6625,0.7612519696318578,0.774472653287854,0.4253847580040781
Random Forest,0.6844919786096256,0.7019867549668874,0.5921787709497207,0.6424242424242425,0.7588024638303967,0.7516101559431998,0.3679616253228577
CNN,0.4893048128342246,0.38461538461538464,0.11173184357541899,0.17316017316017315,0.46211144535166876,0.45830921967374416,-0.07561409568995947
