Model,Accuracy,Precision,Recall,F1-Score,AUC-ROC,PR-AUC,MCC
PLSTM-TAL,0.4707379134860051,0.46745562130177515,0.4010152284263959,0.43169398907103823,0.45843908629441626,0.47243414665599825,-0.05874639778856111
CNN,0.4707379134860051,0.47043010752688175,0.44416243654822335,0.45691906005221933,0.4432203719051072,0.46310533883228405,-0.058471932300669195
LSTM,0.44656488549618323,0.4533029612756264,0.5050761421319797,0.4777911164465786,0.4464577074484616,0.4666480395686855,-0.10791015981230975
SVM,0.44529262086513993,0.4423076923076923,0.4086294416243655,0.42480211081794195,0.5832642701750751,0.5601051626591602,-0.10952594799134546
Random Forest,0.43256997455470736,0.42777777777777776,0.39086294416243655,0.40848806366047746,0.4012871646120377,0.44047024824921677,-0.1351240377948415
