Model,Accuracy,Precision,Recall,F1-Score,AUC-ROC,PR-AUC,MCC
LSTM,0.7426810477657936,0.7389830508474576,0.7077922077922078,0.7230514096185738,0.8201146360970408,0.8030952046781925,0.4833637894954397
SVM,0.7164869029275809,0.7296296296296296,0.6396103896103896,0.6816608996539792,0.7797444490992878,0.7804528299212677,0.4311073950865234
Random Forest,0.711864406779661,0.72,0.6428571428571429,0.6792452830188679,0.7773165251171116,0.7686736101476708,0.421443388467349
CNN,0.5300462249614792,0.5283018867924528,0.09090909090909091,0.15512465373961218,0.49035495296492365,0.4869450250138286,0.03208398868210813
PLSTM-TAL,0.5254237288135594,0.0,0.0,0.0,0.47789160985641926,0.46029739480326054,0.0
