Model,Accuracy,Precision,Recall,F1-Score,AUC-ROC,PR-AUC,MCC
PLSTM-TAL,0.7264150943396226,0.7255520504731862,0.7255520504731862,0.7255520504731862,0.790245542557084,0.7873313047430908,0.4528247777459134
LSTM,0.7169811320754716,0.7160883280757098,0.7160883280757098,0.7160883280757098,0.8000158223153981,0.8006605304654173,0.4339566666337035
SVM,0.6949685534591195,0.7003257328990228,0.6782334384858044,0.6891025641025641,0.7662648457818696,0.7538040831672972,0.3900636924225217
Random Forest,0.6808176100628931,0.6838709677419355,0.668769716088328,0.6762360446570973,0.7329292050275407,0.7201764566464741,0.3616723638977879
CNN,0.48742138364779874,0.47804878048780486,0.30914826498422715,0.37547892720306514,0.4965339240331082,0.5109094645961407,-0.028109363789953934
