{
  "PLSTM-TAL": {
    "accuracy": 0.4583333333333333,
    "precision": 0.4583333333333333,
    "recall": 1.0,
    "f1_score": 0.6285714285714286,
    "mcc": 0.0,
    "auc_roc": 0.5034965034965034,
    "pr_auc": 0.4740463921822102
  },
  "CNN": {
    "accuracy": 0.5416666666666666,
    "precision": 0.0,
    "recall": 0.0,
    "f1_score": 0.0,
    "mcc": 0.0,
    "auc_roc": 0.39471639471639475,
    "pr_auc": 0.4220762713448195
  },
  "LSTM": {
    "accuracy": 0.5416666666666666,
    "precision": 0.0,
    "recall": 0.0,
    "f1_score": 0.0,
    "mcc": 0.0,
    "auc_roc": 0.4436674436674437,
    "pr_auc": 0.4556789760003018
  },
  "SVM": {
    "accuracy": 0.5555555555555556,
    "precision": 0.6,
    "recall": 0.09090909090909091,
    "f1_score": 0.15789473684210525,
    "mcc": 0.07767092890491463,
    "auc_roc": 0.5003885003885004,
    "pr_auc": 0.4431792075600429
  },
  "Random Forest": {
    "accuracy": 0.5416666666666666,
    "precision": 0.5,
    "recall": 0.3333333333333333,
    "f1_score": 0.4,
    "mcc": 0.05547001962252291,
    "auc_roc": 0.5159285159285159,
    "pr_auc": 0.4881882638278634
  }
}