{
  "PLSTM-TAL": {
    "accuracy": 0.5376884422110553,
    "precision": 0.5376884422110553,
    "recall": 1.0,
    "f1_score": 0.6993464052287581,
    "mcc": 0.0,
    "auc_roc": 0.5383799776513613,
    "pr_auc": 0.5613712487291203
  },
  "CNN": {
    "accuracy": 0.5527638190954773,
    "precision": 0.5502793296089385,
    "recall": 0.9205607476635514,
    "f1_score": 0.6888111888111889,
    "mcc": 0.07555011531276265,
    "auc_roc": 0.5408846759447379,
    "pr_auc": 0.5664273466759815
  },
  "LSTM": {
    "accuracy": 0.5376884422110553,
    "precision": 0.5376884422110553,
    "recall": 1.0,
    "f1_score": 0.6993464052287581,
    "mcc": 0.0,
    "auc_roc": 0.5451290125965055,
    "pr_auc": 0.5611057397541265
  },
  "SVM": {
    "accuracy": 0.5276381909547738,
    "precision": 0.5375722543352601,
    "recall": 0.8691588785046729,
    "f1_score": 0.6642857142857143,
    "mcc": -0.0006011245476363159,
    "auc_roc": 0.4997047694026818,
    "pr_auc": 0.5383958366798647
  },
  "Random Forest": {
    "accuracy": 0.5012562814070352,
    "precision": 0.5324947589098532,
    "recall": 0.5934579439252337,
    "f1_score": 0.5613259668508287,
    "mcc": -0.012738156659047263,
    "auc_roc": 0.49647627996749294,
    "pr_auc": 0.5332043039611057
  }
}