Model,Accuracy,Precision,Recall,F1-Score,AUC-ROC,PR-AUC,MCC
CNN,0.5527638190954773,0.5502793296089385,0.9205607476635514,0.6888111888111889,0.5408846759447379,0.5664273466759815,0.07555011531276265
PLSTM-TAL,0.5376884422110553,0.5376884422110553,1.0,0.6993464052287581,0.5383799776513613,0.5613712487291203,0.0
LSTM,0.5376884422110553,0.5376884422110553,1.0,0.6993464052287581,0.5451290125965055,0.5611057397541265,0.0
SVM,0.5276381909547738,0.5375722543352601,0.8691588785046729,0.6642857142857143,0.4997047694026818,0.5383958366798647,-0.0006011245476363159
Random Forest,0.5012562814070352,0.5324947589098532,0.5934579439252337,0.5613259668508287,0.49647627996749294,0.5332043039611057,-0.012738156659047263
