Model,Accuracy,Precision,Recall,F1-Score,AUC-ROC,PR-AUC,MCC
SVM,0.5555555555555556,0.6,0.09090909090909091,0.15789473684210525,0.5003885003885004,0.4431792075600429,0.07767092890491463
LSTM,0.5416666666666666,0.0,0.0,0.0,0.4436674436674437,0.4556789760003018,0.0
CNN,0.5416666666666666,0.0,0.0,0.0,0.39471639471639475,0.4220762713448195,0.0
Random Forest,0.5416666666666666,0.5,0.3333333333333333,0.4,0.5159285159285159,0.4881882638278634,0.05547001962252291
PLSTM-TAL,0.4583333333333333,0.4583333333333333,1.0,0.6285714285714286,0.5034965034965034,0.4740463921822102,0.0
