{
  "PLSTM-TAL": {
    "accuracy": 0.5227272727272727,
    "precision": 0.5,
    "recall": 0.047619047619047616,
    "f1_score": 0.08695652173913043,
    "mcc": 0.009929257812241655,
    "auc_roc": 0.44306418219461696,
    "pr_auc": 0.4828774526049978
  },
  "CNN": {
    "accuracy": 0.5227272727272727,
    "precision": 0.5,
    "recall": 0.19047619047619047,
    "f1_score": 0.27586206896551724,
    "mcc": 0.02144964840292623,
    "auc_roc": 0.4161490683229814,
    "pr_auc": 0.44631139199798203
  },
  "LSTM": {
    "accuracy": 0.5227272727272727,
    "precision": 0.0,
    "recall": 0.0,
    "f1_score": 0.0,
    "mcc": 0.0,
    "auc_roc": 0.5817805383022774,
    "pr_auc": 0.6217837320334418
  },
  "SVM": {
    "accuracy": 0.45454545454545453,
    "precision": 0.4,
    "recall": 0.2857142857142857,
    "f1_score": 0.3333333333333333,
    "mcc": -0.1112633116685485,
    "auc_roc": 0.536231884057971,
    "pr_auc": 0.5057079447803212
  },
  "Random Forest": {
    "accuracy": 0.5454545454545454,
    "precision": 0.5263157894736842,
    "recall": 0.47619047619047616,
    "f1_score": 0.5,
    "mcc": 0.08559797418827594,
    "auc_roc": 0.5486542443064182,
    "pr_auc": 0.48983231297717916
  }
}