Model,Accuracy,Precision,Recall,F1-Score,AUC-ROC,PR-AUC,MCC
Random Forest,0.5454545454545454,0.5263157894736842,0.47619047619047616,0.5,0.5486542443064182,0.48983231297717916,0.08559797418827594
PLSTM-TAL,0.5227272727272727,0.5,0.047619047619047616,0.08695652173913043,0.44306418219461696,0.4828774526049978,0.009929257812241655
CNN,0.5227272727272727,0.5,0.19047619047619047,0.27586206896551724,0.4161490683229814,0.44631139199798203,0.02144964840292623
LSTM,0.5227272727272727,0.0,0.0,0.0,0.5817805383022774,0.6217837320334418,0.0
SVM,0.45454545454545453,0.4,0.2857142857142857,0.3333333333333333,0.536231884057971,0.5057079447803212,-0.1112633116685485
